序号,1.您是从什么时候开始玩《第五人格》的？,2.您打到过最高的段位是什么？,3.您平时 是和谁一块玩游戏（自己打/朋友）？,4.您平均每周玩几次？每次大约多久？,5.您最喜欢的游戏环节是什么？,6.最近一月，您的游戏频率有无变化？,7.如果从10分满分打分，您给当前的恐怖体验打几分？为什么？,8.恐怖感是否增强了您对游戏世界的代入感或沉浸感？,9.在您玩《第五人格》的过程中，有哪些时刻会让您感到害怕或紧张？请您尽量详细描述。,10.您觉得这些恐怖体验主要来自哪些游戏元素？（例如音乐、角色设计、场景变化等）,11.这些恐怖体验对您的游戏表现有影响吗？请您描述一下影响方式,12.您觉得这些恐怖体验会让游戏变得更有趣，还是会让您不愿意继续玩？,13.您在玩游戏时，会不会主动去寻找一些让自己更害怕或刺激的情境？如果会，是为什么？,14.您觉得在玩游戏时，是否会完全沉浸其中，忽略周围环境？请举例说明。,15.您认为《第五人格》中的“恐怖感”、“刺激感”和“紧张感”有什么区别？（对恐怖的定义）,16.您觉得整体而言，这款游戏的恐怖程度如何？对您是否构成吸引力？,17.多人协作时，哪些队友行为让您觉得紧张或害怕？,18.游戏的难度是否影响了您对恐怖的感受？,19.游戏中道具/技能设定对“压迫感”的营造是否有效？,20.改版后，您觉得游戏的恐怖氛围发生了变化吗？/哪里的变化,21.你觉得哪些恐怖元素对你来说比较重要？,22.未来您希望游戏增加哪些新机制来增强恐怖感？,23.您还有其他对游戏发展的建议吗？
访谈1,大约玩了一年,五阶,和朋友一起玩,之前几乎每天玩，每次大约三个小时,成功逃脱时（打赢了）,变低了，因为有更想玩的游戏,给5分。刚开始觉得挺可怕，后来玩多了就不害怕了,有，一开始就是因为这个恐怖感吸引才开始玩的,嗯，被监管者追击的时候。还有就是队友快被绑上气球淘汰的时候你没救下来。最紧张的时刻是逃生大门就在眼前，但是监管者把你打倒了,那个音乐和场景其实挺恐怖的，听音乐营造的氛围会让人紧张,游戏表现我感觉没啥影响，玩啥都一样。修机时触电惩罚刚开始会让人紧张一下，后面慢慢就习惯了,觉得应该再恐怖一点会更好玩,嗯，不会专门让监管者贴脸追击，可能因为我自己操作比较菜所以回避。,会完全沉浸，比如被监管者追击的时候就会全心贯注玩游戏,现在游戏主要不是恐怖而是刺激，像被人追的刺激感。紧张感也是被追时产生的,恐怖程度一般，改版后不太恐怖了，导致吸引力下降了,队友操作特别菜的时候让人害怕，比如关键失误,难度高的时候就不恐怖了，因为只顾着思考怎么打好，没空感受恐怖氛围,压迫感营造是有效的吧,改版后恐怖感下降，角色外貌设定和整体恐怖氛围都削弱了。,音乐和环境氛围是必要的恐怖元素。,从角色立绘设计入手，比如海报形象画得更恐怖些,希望像腾讯那样加强未成年防沉迷，现在只有基础身份证验证。最好减少未成年低素质玩家。
访谈2,大概在 2017～2018 年游戏刚开服一两个月就开始玩,五阶多,一般和朋友打，有时候单排比较多，后面找车队去社区里找队友，因为游戏里认识挺多人。玩一会儿退游一会儿，跟车队上分时朋友玩稳定性强,高峰时期每天都玩，一天累计约五六小时。现在已经很久没玩了,我比较喜欢玩求生者，但后期体验差。原来喜欢旧机制，前段时间上线的魔方车挺好玩的但不公平，玩家素质差抢麦骂人无法制裁,卖号退游了，因为不想供养游戏。玩时充钱多喜欢买皮肤太贵,恐怖体验打零分，因为它根本不恐怖了，全被和谐掉，没有刚入坑时的惊艳感。,肯定增强，游戏本就是悬疑推理向，早期2017-2018年剧情和诗书设定很吸引人。,被监管者突脸追击时最紧张，还有玩救人位角色时压力大。队伍缺救人位难赢，补位练佣兵等角色要花很多场次练习，遇到守尸屠夫失误容易背锅被骂。,开精美模式后月亮河场景变色吓人，个别监管者设计恐怖，比如强度超模的孽蜥看到就害怕，早期小丑拉锯子时紧张。,太紧张导致博弈失败失误，被监管者秒抓，角色有恐怖突破挺好，全是美型监管就没必要玩这游戏了,"角色有恐怖突破挺好，全是美型监管就没必要玩这游戏了
", 不会专门找，纯打游戏主要体验玩法机制,早期会沉浸，现在体验一般般,紧张感只在博弈成败时出现，比如溜鬼和救人。其他时候不紧张，恐怖感和刺激感现在基本没有。,恐怖程度为零不构成吸引力，现在靠情怀、玩梗和朋友拉新。玩法失衡造神运动恶心，为卖皮肤出超模角色。,演员白板挂机最可怕，一人挂机全队体验归零，或对面屠夫太菜导致必输局。,难度只影响对挂机队友的愤怒，不影响恐怖感,有些监管者技能非常压迫（如红夫人、苏醒之魂），宿伞之魂暗杀。一代版本一代神的角色技能都吓人。设计具有强烈压制感。,回游时发现老界面和情怀内容被删，场景全面提亮，早期湖景村等黑暗地图看不清人的设定没了。场景变亮，监管者特色削弱。老玩家觉得根本不吓人了。,需要独树一帜的恐怖特色，但已被改没。早期宣传中密码机、联机地图的恐怖氛围很重要。,把老建模和场景设计还回来，恢复吃书前的角色设定。早期剧情设定被为卖皮肤乱改，比如阳光角色硬改成疯批人设。, 少做“作死”式更新，别乱改剧情设定，不要迎合极端玩家呼声以改人设。
访谈3, 小学五年级还是四年级开始玩，最近改版后室友玩我也上手过。,小时候玩的，记不清了, 和舍友一起组队玩,每周 2～3 次，每次 30 分钟到 1 小时,与监管者牵制时的博弈过程,变少了，因为这个月事情较多,6.5 分，刚开始觉得恐怖，后期习惯后就不那么害怕了,有些环节设计得好会增强沉浸感，但商城界面等体验不佳会削弱,监管者靠近时，角色心跳声会让人紧张,角色设计（如监管者小丑等）比较恐怖，营造紧张感,一开始可能有影响，习惯后就没什么了。, 增强了趣味性，并不会因为恐怖而不玩,不会，会按常规游戏流程进行,不会完全沉浸，还会注意到周围环境,恐怖像鬼屋，刺激和紧张像过山车；举例中提到“侦探收到信”为恐怖，博弈对抗是紧张与刺激。,玩久了会适应，不再有明显吸引力, 队友救人失败或被“一锅端”时比较紧张, 没有显著联系。,个人感觉效果不太显著,最明显的是角色和皮肤变多，美术与音效有提升，但恐怖氛围变化不大,视觉元素最重要，尤其是角色设计与场景视觉冲击,无回答,优化游戏环境，减少骂人和负面行为，净化社区氛围
访谈4,初一或初二开始玩, 四阶,大多自己玩，因为身边人玩的人不多,不规律，最多一周 5 次，最少不玩，每次约半小时, 排位赛,有，变少了。原因是新角色推出频繁、角色过强、打法复杂，导致疲劳和抵触感,5 分。刚玩时大概是 8 分，但恐怖感会迅速消退,刚开始有效，后来就适应了，恐怖感减弱,被监管者追击（遛鬼）的时候,心跳音效、监管者角色技能设计，部分地图（如白沙街、疯人院）更具压迫感,会因心跳音效紧张，但整体影响不大。,更有趣，尤其是在枯燥修机以外增加追逐紧张感。, 会。为了避免单调，会主动选择被监管追,会，尤其在对抗过程中。,恐怖感弱，更多是竞技带来的刺激和紧张；不觉得“吓人”。,恐怖感不强，略有吸引力，但不构成核心驱动,没有特别紧张或害怕的行为。,会。难度提升后关注点转向如何赢，忽略恐怖体验,以前有效，但现在求生者太强，压迫感降低。技能之间的“神仙打架”削弱了紧张感。,求生技能偏强、交流机制优化、恐怖氛围下降。发消息界面更新后虽然交流更顺畅，但趣味性下降。,必须有心跳音效和监管者的造型设计；场景建筑设计也应更恐怖，目前大多地图偏美型、氛围不足。,监管应更可怕，平衡性调整、强化博弈而非单靠技能强度。,"减少频繁新角色推出，剧情应尽快补全（不要“挖坑不填”）。

"
访谈5,从 2019 年开始，断断续续玩了约两年,七阶,网友、现实朋友都有。,几乎每天玩，每次 2 小时以上，排位时段内为主。,主玩屠夫，喜欢“抓人博弈”和“放飞求生者”的快感。,变少了，因学业压力大、作业多。,6.5 分。刚刚及格，因家长举报后修改了很多恐怖内容，整体更趋华丽，偏离原本风格。,有一定帮助，特别是玩求生者阵营时更明显,玩求生者面对强势监管时；尤其是造型吓人的监管者,场景氛围、音乐、角色造型与技能特性,会影响，特别是越紧张越打不好；但对屠夫玩家影响较小,更有趣，提升了游戏体验,不会，玩求生者时不会主动“突脸”,偶尔沉浸，但多数时候不会完全忽略周围环境,恐怖感来自“涂脸”或突袭伤害等视觉与动作冲击，刺激感和紧张感更偏竞技节奏,原来 7.5 分，现在 6.5 分。手游画面风格限制了恐怖表达, 遛鬼秒倒、不修机、技能失误、无效奔跑等，影响局势,有影响，刚开始玩时紧张感更强；玩久了逐渐脱敏,有，比如角色“我脚养”的瞬移技能、“时空之影”的附身吓人机制等。,角色建模趋于大众审美、不再恐怖；灯光更亮；部分音乐和谐；失去早期压迫氛围。,屠夫的压迫感最关键，建议保持角色的威胁性和造型设计。,增强监管角色的技能与建模，提升其带来的恐怖压迫感。,无特别建议，希望越做越好，对官方表达支持。
访谈6,高考，高三的时候。,五阶,和朋友一起玩。,每个人现在的时候2、3次一次，大约半小时。,环节？抽卡。,没有。,零分，一点都不恐怖，他可能只能吓到年龄小一点的人,一点都不恐怖。,队友死的很快的时候，觉得很绝望，对。,队友太蠢。,有些时候会绝境中逆袭，有些时候直接会摆烂。太恐怖了。,不愿意继续玩。,不会,偶尔。,他是pvp游戏，对我来说，它的剧情其实并没有特别恐怖紧张，它主要是来源于匹配到人物的感觉。,偶尔。算吧。,秒倒。,没有。,没有,没啥变化。,人物，场景，音效。,"恐怖感，增加一些新的vr, 沉浸三d.",出现一个拉黑，就永远不能再组队了。
访谈7,我是从去年开始玩儿的。,一阶,平时我都和朋友一起玩儿。,我平均每周玩儿两次，每次玩儿2个小时。,最喜欢的游戏环节是破译密码机。,最近一个月，我的游戏频率没有变化。,给目前的恐怖体验打九分儿，感觉很有代入感。,恐怖感有增强了我在游戏世界的代入感。,在被监管者追逐的时候，我感到恐怖和紧张。,我觉得恐怖体验主要来自于场景变化，音乐还有追逐的感觉。,这些恐怖体验对我的游戏并没有什么影响。,我觉得这些恐怖体验会让我的游戏变得更加有趣，我会继续玩儿下去的。,我并不会寻找让自己更害怕的和刺激的环境。,我并没有完全沉浸其中。,我觉得恐怖感、刺激感和紧张感的区别就是，嗯，人的感受不一样。,我觉得这款游戏的恐怖程度始终对我还是比较有吸引力的。,多人协作时，队友的很多行为都让我感到恐怖和紧张。,游戏的难度没有影响我对恐怖的感受。,对压迫感的营造我觉得非常有效。,感受到了改版的特征，和以前很不一样。对比以前，我觉得画质更加精美了，玩儿起来也更加赏心悦目。,三种恐怖元素，我觉得音乐和画面有恐怖，其实一定有追逐的内容。,我希望增加一些悬疑的内容来增加自己的恐怖感。,我没有其他建议。
访谈8,去年玩的,五阶,跟朋友一起玩,有时间几乎每天都玩，一天玩四个小时,主玩求生，救人位玩的多，喜欢跟固排打排位，平时打匹配,变少了因为没时间，不是游戏的问题,0分，除了刚开始玩的时候被约瑟夫暗杀,还好吧,被监管追的时候，被约瑟夫暗杀的时候，救人的时候，开门战也挺紧张的,心跳声，追击音乐响起的时候,追击音乐响起，起心跳,更有趣,不会，能平局就行,会，已经沉浸在自己的艺术里了,不恐怖，就是紧张，怕坑到队友被赛后,不恐怖但是很有吸引力,救人的时候全被打死，开局秒倒，开门战不走当门皇，莫名其妙不去救人,没有,有的吧，有的角色技能太逆天了,没玩过以前的版本,音乐跟红光,不知道,没建议
访谈9,高中时候,记不清了,自己或者和朋友,刚开始每天都探索，后来有人一块玩才会上线,跟朋友联机时的配合,很早之前就退游了,3分，很多内容都被和谐掉了,一般，不觉得恐怖,因为自己的操作失误被抓到,来自游戏机制,没什么影响,更注重游戏性，恐怖部分几乎没有,没有,还好,恐怖元素不多，紧张感来自追逐,一般，对恐怖部分无感，游戏性更吸引我,不懂游戏机制导致的失误,没有,有，每个角色都不一样,没玩过改版的,音乐吧,无,增加平衡性
访谈10,从2019年开始玩,最高的段位是屠夫五阶。,平时是和朋友一起玩游戏。,现在退退游了已经两个月没玩了,最喜欢的游戏环节是是模仿者游戏，,最近一个月游戏频率有，最近没打了，最近没有打了。最近两个月都没有打了,当前的恐怖体验打零分，零分，我这是我能给到最高的分数,恐怖感是不是？根本没有恐怖感。,不会让我感到紧害怕和紧张,玩顾问。他们第一句马上就拉你开始谈顾问的时候，非常的紧张，是最紧张的恐怖体验，主要来自于哪些游戏元素？应该是角色设计吧。,没有影响,会让游戏变得更有趣。,而且我会主动去找一些更害怕，更刺激的情景，因为这很刺激,在玩游戏时会沉迷启动忽略。是的，因为需要非常大的专注力,有什么区别？,恐怖感没有恐怖感，我觉得刺激和紧张是在就玩屠夫，抓人或者被抓的时候会有刺激和紧张的，但是没有恐怖感，因为他不吓人。,。整体而言，恐怖程度不行，恐怖程度不行，不具有吸引力，,比如说，比如说队友只要选的小女孩，就会让我很害怕，或者队友选的原皮医生或者蓝皮绿皮医生会让我觉得很紧张。,没有影响我对恐怖的感受,变得不恐怖，对比对比什么？我觉得对比明日方舟第五人格和明日生舟是两个完全不一样的游戏,必须有血腥暴力，还有惊悚。,都要希望你希望我是新机制，那我不知道了，零分就满分，打分我打零分,呵呵呵
访谈11,高二开始的,五阶,和网友一起打,每周玩七次，一次两小时,我最喜欢的游戏环节是赛后,没有变化,我打零分,没有,开门战被四跑,不知道,有吧，但是不多,没有任何变化，能不能加强一下？约瑟夫,不会，没必要,会，因为我已经红温了。,恐怖感就是监管突然在你身边，紧张感就是你你要输了。刺激感就是你完全不知道下一秒会发生什么恐怖程度，,一分，吸引力一般般,那些傻逼行为老子真的是生气了，在玩游戏的时候已经忽略了恐怖元素，一心只想干死对方。,在玩游戏的时候已经忽略了恐怖元素，一心只想干死对方。,有效果我都被打烂了，ob位都怪他改版了之后还不如不改,改版了之后恐怖元素就少了。对比的话，我还是觉得刚开服就是刚开服的时候，就是在古董商没有出来之前非常的有意思。然后现在出的那些新监管、新求生都垃圾的要命，我靠，刷不来，我操什么破技能。,恐怖的皮肤、恐怖的界面、恐怖的场景,把机制改回去就行了。,两份建议出的皮肤还是以恐怖怪诞为主，不想要那种华丽的皮肤了。
访谈12,初一二,忘了,和朋友,每周玩两次，每次一个小时，最近一个月没怎么玩游戏,最喜欢抽卡,最近一个月没怎么玩游戏,打三分，因为我不太害怕了,是,哪些时刻？并没有初中的时候可能被监管者追的时候比较害怕,音乐上他一开始起心跳还挺吓人的,没什么影响,会变得有趣，愿意继续玩，但是最近没怎么玩了,不会,不会忽略周围环境,我说不出来,在国内的话，恐怖程度是可以的，但是吸引力可能，吸引力可能有的刚刚好的恐怖程度，在恐怖一点就不敢玩了。,队友我只觉得队友可能有时候挺脑子不好,是,我觉得是有点效果的。但是不是很害怕,我感觉恐怖氛围没有以前特别没有以前害怕了，现在改的就偏向于比较商业化,有他那个纽扣眼的画风，然后它整体的一些美工的音乐。还有美工的风格，感觉是这个游戏比较有特色的地方,可能增加一些民俗类的恐怖，恐怖互动，小游戏多人参与的那种感觉会比较有意思，就容易融入一些国内的特色,建议不要营销玩家精神状态不好，这件事情感觉。
访谈13,开服玩家，大概初二,三阶？,自己,很长一段时间每天玩四小时左右,双监管模式,根本没有打开过,non,最开始是很恐怖的，现在完全是儿童游戏,监管突脸,心跳和追击音乐,没有影响,更有趣,不会,会，因为比较认真,没区别？,不恐怖,队友遛到我脸上,没有,没有,哪里都下降了吧,原先的环境设计比较有特色,场景里的恐怖画面不要和谐，改回原来的样子,优化环境，加强未成年人防沉迷
访谈14,公测时玩的,六阶一,刚开始玩的是时候一直是自己，后面大部分时间是和朋友玩,之前大概一周通勤，每次三小时左右,我最喜欢鞭尸,最近高考没玩了,3分，因为基本上没有恐怖体验,没有,比如，队友三倒时，非常紧张。害怕倒是没有,音乐吧，追击音乐特有压迫感,有，追击音乐会让我有刺激的感觉,有趣，太有趣了,会，因为爽,不会，可能是我个人原因,在《第五人格》中，这三种体验常交织出现：恐怖感奠定基调，紧张感推动策略，刺激感提供正反馈。随着玩家技术提升，体验重心往往从“恐怖”向“刺激与紧张”迁移，这也是游戏能兼顾硬核竞技与大众娱乐的关键设计,恐怖程度完全不足，它都快成为社交游戏了，哪还有什么吸引力,转圈圈求佛,是,有,变化蛮大的，和之前相比，变得幼稚了,比处决，跳杀之类的,不需要加，不如角色设计更恐怖一些,没有了，策划不搞事，不搞内部爱就好
访谈15,2021年,六阶,都有吧，自己打多一点,平均一周两次左右，每次一到二小时, 最喜欢ob,快高考了，最近没咋玩,4分，现在恐怖感已经很少了，整体游戏氛围和游戏皮肤还有游戏玩法都在去恐怖化,否,追击时和秒倒,音乐更多，哦还有音效,有吧，可能会操作失误,会,会的，在求生者阵营需要吸引监管者或打开突破口是,较少但也有，监管者在身边时会,恐怖感应该是综合的游戏带来的不安比如老版本小丑或一些皮肤，刺激感跟恐怖感比较应该是忽略整体游戏氛围，更注重内心感受，紧张感是在监管者附近时吧,恐怖感程度很轻，但游戏机制还是挺吸引我的,失误和交流不协调,有的，在遇到更强对手时会削弱恐怖的感受,有,变成第五幼儿园了,音乐，美术之类的吧,可以有光线变暗，音乐小时，画面扭曲之类的,嗯可以增加皮肤的恐怖程度，控制人屠平衡等等
访谈16,去年六月份,三阶二,和朋友打,5次，每次大概一小时起吧,溜鬼吧,没有,6分，熟悉之后会降低恐惧感 ，现在已经完全沉浸在胜负欲中了，根本无暇顾及这个恐怖感好吧,是有的，最开始就是被哥特式恐怖画风吸引的,突起的心跳声，暗杀，静悄悄必然有人在作妖,我觉得应该是音乐，监管者的角色设计，,偶尔手抖,会，太刺激了，毕竟我们第五人格容错率比画风更恐怖捏,嗯，不会,这个也不会,被追击的时候，有时候局面多变瞬变，双方博弈的时候也会,满分十分的话大概六分吧,最怕的是我还在那苟着卡耳鸣呢结果队友一溜烟先走了我真的是没话可说，只想狠狠暴击他们的脑袋,无,是,无感受,音乐，监管者角色设计，追击音效,无,没有
访谈17,去年三月,三阶,朋友,三次，每次一小时左右,喜欢练新角色，好玩爱玩,有所减少，但是变化不大,两分，玩多了不觉得恐怖,是,溜鬼的时候,监管，还有心跳,没有,更有趣,不会，如果不能ob会送人头然后被赛后,对的对的，非常之投入,恐怖是氛围 刺激和紧张是感受,还行，是有吸引力的,ob位。非常确信。不要无效ob好吗我亲爱的ob位们,是,有,不知道，没玩过老版本,音乐 心跳 红光 心跳声更能起到代入作用好像是自己的心跳 音乐能营造氛围 红光能感受到监管的逼近,没有想法,我只想说削弱红蝶杰克小丑噩梦，别管，我是人孝子
访谈18,23年底,五阶,和我的好闺闺们,每天都玩很久，玩吐了就停一段时间,最喜欢的环节自然是和我的好闺闺们一起玩,最近作业比较多，频率有所下降,6分吧 感觉不太恐怖,是吧，我觉得是有的,压机压爆 被人赛后 道歉无果 红温下游,角色设计，音效，机制,有，感觉更刺激了,会更有趣，而且我感觉还可以更恐怖，现在都没那么恐怖了，最开始的时候和现在恐怖程度差的不是一点半点,不太会吧，除非用小号练角色,是的，全神贯注，身外无物,恐怖是游戏背景、环境等设定上的恐怖，刺激是博弈时的刺激，紧张一般是害怕被秒,中等程度，一开始很有吸引力，习惯了就还好,过半秒救，救不下来，没有意识，赛后别人,是,非常有效,变得越来越温和了，现在有一种犹如在欧利蒂斯庄园度假一般的惬意感。还是改版前的氛围感好一些，不过改版后更高级了,感觉还是音效比较恐怖吧，还有背景音乐。美术风格现在越来越去恐怖化了。,机制没什么好改的，剧情可以更恐怖一些，求生监管保留一些神秘感，目前的剧情越来越像欧洲秘闻了，完全不恐怖。即使是剧情里善良的角色也可以有惊悚的背景故事，但现在游戏几乎完全抛弃了恐怖的底色，塑造偏美强惨,不要再给四五阶监管排历巅求生了
访谈19,是2018年开始，刚开服就开始玩 ，退游过一段时间，然后在二零年之后又继续玩，然后 到现在,最高段位 是屠夫的六阶段位,以自己 为主吧，然后偶尔跟 同学朋友玩一下 ,初高中的 时候 一周 差不多可以玩四五天吧，现在读大学 之后一周可能就玩了两三天吧， 五年了比较久 ,应该是比如说玩监管者的时候就是享受那个抓人那个过程，还有互相博弈的那个过程，那个求生者也是一样，比较享受那个博弈的 过程 ,最近到期末了 ， 现在可能两三天打两把就下降吧 ,打六分吧，因为它就是搞这个噱头的,有的，肯定是有代入感和沉浸的， 因为如果官方为了这个削减 这个情境的话，肯定要做一些和谐，或者他那个语言要转换一下，不能太直白，那个剧情的话肯定会妨碍玩家理解这个剧情和那个剧情的推进，我就觉得。,"博弈的时候吧,还有具体的话就是比如那个游戏的名称，那些服饰的名称或者一些游戏的环节，还有一些设定吧，还有就是那个游戏那些环节吧，比如那个椅子不是也被改掉了吗？还有 那个很多那个斧头也被改成那个木头了吗？原本都是感觉很刺激，很紧张的，现在就感觉变成过家家的感觉， 有被削弱 感觉。 ",游戏元素 应该是 那个音效吧，还有人物那个造型 ,肯定会有影响，因为有些角色比如那个什么约瑟夫，红夫人这种角色，他们就是可以搞那种暗杀的，就是你看不到人突然就倒 啊，而且配上那个音效，确实还是蛮吓人的，那个心脏砰的 声音 ,我觉得这个怎么说呢，太过度的话肯定会让一些人不会去接触这个类型的游戏，如果要走大众的话还是适中就好，如果太恐怖的话，我也是不想玩 的 ,这个我我倒不会用，我玩的时候主要是注重这个竞技方面的，不注重他那个剧情和恐怖 ,这个肯定会呀， 比如说上课的时候打的话突然被抓了或者干麻还是会 一惊一乍的感觉还是挺沉浸，我觉得这个挺好,我觉得他这个对恐怖的定义的话， 应该是首先是那个人物造型吧，这个是最直观的，然后就是他那个世界观的设定，然后刺激的话应该 是指那个游戏在进行过程的时候刺激和紧张感，因为有那个你追我跑那个 感觉 ,应该是一般吧，或者说比较低吧，这恐怖等级，如果说我要玩恐怖游戏的话，那我肯定不会选择第五人格的，因为还在恐怖游戏这方面没什么引力，我 觉得 ,我觉得害怕紧张的话，感觉他有点像人机或者打得比较抽象，直接秒倒或者1秒钟或2秒钟直接倒地了,对 这个肯定会有的，就是一开始比如一开始玩第五人格的时候，一八年那个 就是完全玩不懂，而且当时感觉网上一些攻略比较少，但是当时那个时候就感觉有些挺恐怖的，但是随着你越来越掌握这个游戏，觉得这个游戏难度越来越低，那个游戏越来越不恐怖了，是这种 关系 ,那个监管者获得那个技能的方式好像是叫存在感吗？他通过打人才能获得存在感，他特别有那个设定都有压迫感，还有一些他那个监管者的 那些技能，反正有很多有意思的，他那个下面配的那个文字说明的，反正觉得有些细节做得还挺好，但是现在越来越敷衍的 ,我觉得变化 就是最直观的就是一些人物模型吧，还有一些游戏 场景 道具 ,那个监管的武器吧，那个我觉得不能改要改特别卡通，我觉得就感觉不恐怖，然后就是那个 音效，这个很必要，还有道具，保留美术风格,可以在不改变武器的情况下在武器上加个图案增强恐怖感这种，,我觉得第五 人格跟那个恐怖游戏联动，现在确实可以现在联动， 但是可以进一步加强 ，或者推出它本身不能出那个设定，那他可以联动的时候他建造一些那个联动的那些场景增加恐怖感 吗？而且联动后面就可以下架，我觉得应该影响比较小。 
访谈20,初二 初三 ，18年,五阶,和朋友打比较多,如果 开始冲 段位的话就每天都会打，但是如果不玩的话就就是一直不打 ，每次大概就是 排位的两个 小时，然后每天的话如果晚的话， 差不多 每天四个小时吧 ,博弈，溜鬼吧,最近没打,3分，老版本5分,一般般吧，我感觉它和恐怖没什么关系，吸引我的是它的竞技,开门战监管在旁边，队友没有来，我觉得这个是它的恐怖感之一，因为那个时候吓得要尿了,非对称模式吧,一般。对我有影响的都是 就是就是都是怕坑队友， 然后你知道的第五人格玩家 素质就一般都不太高吧 然后然后就是你会比较感到恐惧的时候，就是就你怕就是如果是你第撞鬼的话，你溜鬼输的话就就很怕自己的赛博妈咪被骂,更有趣,不会，我只会就是找 那种就是就怎么样，让我段位提高那种就是技术类的，一般玩到后面都会这个样子的，就是提高自己技术 ,会的，就是朋友一起的麦，打游戏的时候，你会很关心这个局势吧，就比如说你就是你队友里面有个调酒师，然后那个调酒师就是他就是他的机智不是就是半血之后你喝一口，然后会回血吗？然后那个回血的话，等到最后一丝丝就是就是他那个就是酒没有回上的话，他就一级倒吗然后他回上了之后就变成满血了，然后只剩下最后一丝丝的时候基本上就是一个人喝酒，全场都在紧张了，但这个不知道和恐怖感也没有关系了，应该和博弈和竞技机制关系比较大吧,可能就是来源于他那些环境和造景吧，然后还有那个就是监管者，包括他整有些氛围，然后紧张感和刺激感就在意的队友他是不是技术比较好了，然后还有你自己的发挥，因为有的时候如果你冲段位的话就是上不去的话，心态很崩 ,恐怖程度一般，但是吸引力还可以，如果是单纯的1v4游戏可能就没有这么吸引力了，感觉加上恐怖感的话这个机制才会成立，才会有这么多人去玩吧，毕竟抄的是杀机嘛,开局秒倒，还有救人的时候，屠夫有双刀，博弈的时候就有恐惧震慑啊,难度会有一点点影响吧，比如新手教程可能就会劝退害怕且上手比较困难的人，因为第五上手还是有点难度的，加上害怕可能就会有影响,会的兄弟，就是比如说，因为他有些那个 屠夫，他的技能就是做得还挺有压迫感的，就是比如说会突然从你旁边出现，然后你的屏幕就是会稍微有点变黑呀之类的， 然后就是那个效果的话，就是你在遛鬼的时候就会变得很紧张，因为你怕被他技能吃刀了,没有太关注，我感觉我可能就是就是玩的时候一直就是关注这个排位之类的，然后就是就是只管游戏角色的强度,暗一点的美术风格画面吧, 有些角色还是不要做得太漂亮了，我觉得还是要保留一些那种 就是开服的那种感觉吧，然后它联名就是其他联名一些二次元IP还好，但是就是他如果继续像那种联名那些摩卡少女那种之类的，那就算了吧，确实跟这个游戏调性，有点不太符合，最好可以多联名一些比较符合游戏调性的比如纸嫁衣这种联动活动。,加强角色强度，可以多联名一些比较符合游戏调性的比如纸嫁衣这种联动活动。
访谈21,18年玩了一年，25年继续开始玩。18年是因为要中考了，而且当时网上的教学视频少，出新角色的速度又快，学不会，玩法也少，就不想再玩了。现在聪明点来了，可以大概记住监管的技能是什么，比较有成就感。,四阶,和朋友一起玩。跟朋友一起打很爽，爽点在于这个游戏比较需要队友之间交流 ，然后就是谁去干嘛 ，谁去干嘛。跟朋友一块儿打的时候说的时候比较方便。如果对方是陌生人的话 ，沟通可能没有那么顺畅。,每天。不一定。有时候只是上线签到一下，有时候一两个小时。看作业量。,刚开始第五人格风气很好，对女性友好，大家都比较温和，而且对局内无法开麦。不过现在风气没有那么好了。,没有。,恐怖不是主要的影响因素。主要是竞技。,恐怖元素去除之后也挺刺激的。在被监管者打，或者需要互相博弈时会带来刺激感。恐怖元素带来的刺激感没有很多。,在被监管者打，或者需要互相博弈时会带来刺激感。,氛围环境。对局内比较黑。监管者长得挺丑挺恐怖的。,没有恐怖体验。,在玩其他有恐怖元素的游戏《纸嫁衣》时，氛围和场景会更有代入感、会更有沉浸感。,不会,不恐怖,不恐怖,恐怖不是主要的影响因素。主要是竞技。,无,难度在于被屠夫追，自己技术不过关的话很难。这种情况下会更紧张。无恐怖感。,屠夫技能：闪现、传送。,原版恐怖一点 ，，现在第五人格的恐怖元素少 ，主要是走的木偶精美风。原版更紧张刺激。,无,希望比现在多一点恐怖元素。之前的皮肤童话风，挺美的，但就只是美，希望更暗黑哥特风一点。,无
访谈22,9/1/24,五阶,一般不自己打，都是跟朋友打。,每天1-2h,溜鬼环节。,没有，比较稳定。,有紧张感没有恐怖感。勉强给1分。某些场景设计有怪诞感，但不恐怖。,沉浸感不来自恐怖感。,不恐怖,不恐怖,不恐怖,改版前的恐怖感可能会更刺激，现在的游戏模式更好玩。现在的游戏技能和玩法更丰富，更有趣味。,被追的时候，躲的时候。,沉浸感来自于游戏中紧张的氛围，被追的时候完全听不见别人在说什么，玩完了才会脱离出来。,不恐怖,不恐怖,不恐怖,比较高。游戏机制，1v4，1个人的话阵营不对称，四个人有信息差，需要沟通，沟通不好会比较困难。,还行。现在求生者的技能更占优势，监管不好打。我是打求生的，压迫感还行。,不恐怖,角色，场景设计。视觉上的恐怖会更容易让人心跳加速。,希望改回去。,无
访谈23,刚发售，初中的时候。,它不是有两种模式，一个是排位赛一个是日常那个。我只玩那个日常那个，没打太多排位，段位不是特别高。,自己打,三次，每次1h,抽卡。玩游戏的目的也不是为了收集，只是喜欢抽卡这个环节。,现在不打了。,之前的恐怖感6.5分，现在的2分。现在不就是幼儿园吗，他其实刚出的时候不就是幼儿园吗，但现在是幼儿园中的幼儿园。现在加入了蛋仔派对和糖豆人的欢乐模式，感觉变得不伦不类，但是它确实吸引了一批玩家回归。他会把之前胆小的玩家吸引回来，老玩家觉得更新了有意思也回来了。,不来自于恐怖感，来自于紧张感。,引发追逐战的心跳，因为它会跟我的心跳共振，生理上难受,它的场景和音效对我来说不是特别恐怖，最恐怖的是引发追逐战的心跳，因为它会跟我的心跳共振，生理上难受，然后就不怎么玩了，看别人玩。,本质不恐怖，但是生理上会因为跟心跳声共振难受，进而影响表现。顶多修机的时候一边伴着心跳声可能会按判定条失败。,更愿意玩，因为刚开始玩这个就是被恐怖感吸引来的。,如果没有心跳声的话，会主动去寻求。毕竟他的卖点是这个嘛。,会，听到心跳声会很着急，手心冒汗，心理的起伏会非常大，精神高度紧张。,对我来说恐怖感是心理感受，刺激紧张是身体上的感受。,"一般。但是刚开始确实是因为恐怖感被吸引来玩。他刚出来的时候 ，他不是一个恐怖类游戏吗，在市面上手游里面。他算是比较 ，而且还是多人竞技这个类型的以国外的是那种像黎明杀机那一种的比较血腥 ，偏真人的。而到我们国内他变成了一个就是卡通形象 ，然后动动画 ，然后删除了一些血腥恐怖 ，而是转为心理恐怖的环节。然后他就比较特别 ，然后就吸引了一大批玩家进来去游玩他的这个游戏。但是在最开始他的这个游戏呢 ，他的地图可探索的地点是很多的 ，它有很多地点可以探索。然后场景做的比较好。但是现在好像是很多地方，都被封闭了 ，然后一些恐怖的那种东西全部被消减了。然后就导致了 ，然后我当时吸引也是因为就听说它很恐怖 ，那我高低得去试试嗯。",只剩一个人的时候，或者全部都跑了，只剩我一个人的时候。还有玩逃生者的时候，一打四有种被愚弄戏耍的感觉。,我觉得这个只对于操作不那么厉害的玩家有影响，到了一定境界就那些都是浮云，只会关注操作本身，游戏机制本身的东西，其他东西都不会影响他们了。,没有。只是遇到比较nb的监管者比较有压迫感。,现在不就是幼儿园吗，他其实刚出的时候不就是幼儿园吗，但现在是幼儿园中的幼儿园。现在加入了蛋仔派对和糖豆人的欢乐模式，感觉变得不伦不类，,地图互动、氛围音效、心跳,首先是更恐怖一点，其次他地图可以更大一点，可交互的东西更多，比如之前厕所的门是可以打开的，就是你可以探索地图的恐怖，而不纯粹是氛围。现在可交互的地区越来越少 ，地图就越来越平坦的那种感觉吧。之前不是有一个鬼校吗，那个地图出来不是引起了一片喧哗吗，因为就是他会有一些小彩蛋什么比如你摇到那个楼上面的时候会有人从上面跳下来什么的。,现在老靠搞联动来提高那个，就是感觉跟游戏本身点属性已经联系不大了。
访谈24,从初二时候开始玩，开服玩家,三阶,自己玩,每周三四次，一次半小时一小时左右,抽卡，我喜欢抽珍宝,没有，一直都这样，闲下来的时候玩的比较多,两分,现在不怎么恐怖了吧，以前是会有一点恐怖感，玩多了就还好，不怎么代入,被监管者追的时候，还有比如玩骑士的时候需要猜监管者的技能，就会有些紧张，猜错了可能会吃刀会紧张所以。还有救人的时候，怕自己救不下来。,监管者长得比较吓人，角色设计上吧。还有心跳声的音效，屏幕会变暗这种，但现在场景没之前暗了都是亮的,会有影响，比如白沙街那个地图就很恐怖，因为这个场景很难走出去，走不出去监管者来了就只能等死，会比较恐怖,如果再恐怖一点我就不敢玩了，我不是那么胆子大的人，不然我就去玩黎明杀机了,不会，我胆子比较小，玩的也比较菜不太会主动去溜鬼牵制什么的,会忽略吧，比如溜鬼的时候，肯定没时间理别人,恐怖感就是元素比较恐怖，刺激就是监管者在追你，没追上你的时候，你还能秀几把操作的时候比较刺激，紧张感应该是单方面挨揍的时候,一般般，不是很恐怖，现在都走华丽哥特风了，不算恐怖游戏了，吸引力有但从恐怖程度上也一般,队友去救人被打恐惧震慑的时候，我就知道这把完蛋了。还有刚修机队友就吃刀,难在躲监管者，不是很恐怖吧,有效，比如那个新出的监管者杂货商，他有一个藤曼可以飞过来打你，还是很吓人有压迫感的,监管者的变化吧，监管者身上太恐怖的元素都去掉了，还有地图场景也变亮了,没有什么对我比较重要的，因为我胆子比较小，不希望有太恐怖的元素把自己吓一跳，比如有些皮肤设计的太恐怖我都不会用，平时要是匹配到白沙街这种很恐怖的地图，路过还有小孩哭全是病床，玩的时候会很吓人我不敢玩很压抑，会让我想赶紧开下一把，太可怕了,不希望，再恐怖我就不敢玩了,加强求生者。还有一个是第五人格能不能限制练够角色了才能带这个角色上排位
访谈25,18年玩过一段时间，去年寒假重新开始玩,五阶,自己打,每天都会上线签到，每次1小时,修机，因为我不太会溜鬼,变低了，最近要考试,五分，监管者追的时候还是有恐怖感的,会，监管者他追你，你就感觉到慌张。或者是有一些音乐的时候，就会真的很想要跑出去。,去救人的时候，我很怕被打出恐惧震慑,音乐还有一个场景氛围，在晚上玩的时候，如果开夜间模式打他受伤了，他也会变成黑色。,有，被追的害怕的时候不知道怎么操作，也会不太注意观察周围环境。,适当的会感觉很有趣。但是太恐怖，很血腥的，我还是有点怕。,不会，一般都会躲起来。,会的，有时候在非常紧张或者是突然被贴脸的时候，真的会忍不住叫出来，也不会管周围有什么人。,恐怖感应该是看到他盯着你就觉得很阴森，刺激感就是被追感觉要被追上，但是又没有。紧张感就是要操作或者是没点中，他有校准，有时候校准失误或者是怎样会比较紧张，像压机的时候，我就怕修过头。,恐怖程度一般，因为他的皮肤越出越漂亮了，一点也不会让人感觉到恐怖了。吸引力还好吧,他们发消息说我不救人，要我去救人的时候,会，比如遇到没玩过的不太会玩的地图，根本也不知道往哪里跑。可能跑了一圈，还跑到监管对面去了。,对，有些监管的技能就是那种什么洞或者是触手之类的，他还会有随从。,开门发生变化我记得，现在开门会高亮门的位置很好找，但之前最开始开大门之后，他不会告诉你门在哪，我还记得我最开始也找不到门，跑半天也不知道。还有一个是当时有个角色是盲女，他是真的看不见的那种，需要敲杖，只能可视，范围大概可能就十米左右，比正常的求生者都要小，改版之后他就是一个夜视功能，他能看到，但是周围是没有颜色。以前原版完全黑，只有自己周围那一小块是能看到的。,场景设计吧，感觉视觉设计会给人更多印象,多开几个大地图应该可以增强恐怖感,不要给排位设定时间，排位时间太短了需要排队
访谈26,去年十月份左右，算是入坑没多久,求生五阶四，不打屠夫,和朋友双排，不自己打,每天都玩，每天4-6小时,修机，我不怎么溜鬼,没什么变化，一直这个频率,三分，感觉不是很恐怖,没有，因为我觉得它那个游戏声音听着瘆得慌，所以我不开声音打游戏，所以他恐怖的音效我都听不见，我就在那修机，如果被震慑的话。可能会感叹一下我被震慑了，因为我没开声音，死了就死了，就非常的平和心态。,紧张的时候是，比如说救人，救人被震慑，我一般救人总被震慑，所以我一般就是救人非常紧张，还有就是开门战的时候开门战，我怕他传送。每次监管一传送到，我正在开那个门，还没开的时候就特别紧张，这是最紧张的。遛鬼的话，其实也不是很紧张，因为遛鬼的话，我玩那个角色是小女孩一般吃一刀就找朋友，我是多排，所以我知道队友的位置，我只要吃刀了就上身，所以一般都能接到我。,我觉得它来源于这个，可能这个音乐，这个音乐可能确实比较慎得慌，角色长得也不咋好看，也是有一点点恐怖元素吧，虽然没有特别恐怖,没什么影响，因为我不开声音,会更有趣，不然就太平淡了,不会，我不主动溜鬼,没有，因为我不开声音，玩的也是修机位置，玩排位可以选点，我选的都是很安全的点位一般不会被监管追，修机的时候还能回别人消息,恐怖感跟刺激感还是有挺大区别吧？刺激就是人家那鬼追你，你不想被人打死，所以比较刺激，但这个鬼突然出现了，给你震慑来一下，那确实挺恐怖，那是恐怖感；但是刺激的话，就是你遛鬼的时候就是漫长的遛鬼过程，可能是刺激的。紧张的话就救人，救人没救下来就会被赛后。,恐怖程度一般，没什么吸引力因我不喜欢恐怖游戏，玩它主要是因为它的非对称竞技模式，不喜欢恐怖因素。,我从赛前选角色的时候就开始害怕，有时候我打木偶师别人选小女孩我就会从角色刻板印象上开始害怕，因为我平时玩小女孩比较多，我知道很多小女孩玩家素质怎么样，有些队友选角色的话从刻板印象上就会害怕；赛中的话，就比如说救人 没救下来，这真是非常吓人，因为你想本来就死了一个人，然后你救人震慑了，又折进去一个人，那就更害怕了，然后多人协作就救人双倒嘛，这比较正常，三倒的话可能就无所谓了。,没有吧，我感觉它就是色调比较暗，因为我是学园林的，就把它想地图那个渲染的那个数字数值不一样而已，对滤镜加不一样，所以没什么影响,有效的，从求生者来说，假如说你玩杂技，他有个球的这个技能非常的厉害，然后监管也知道你求生的技能比较厉害，所以他开局不会追你，如果是这种律师，只有一个地图能看这个监管，或者说囚徒技能是只能电这个监管0.75秒的情况下，这个技能比较弱，薄弱，修机数值就修机比较厉害，那这个监管会来追你，因为你比较弱鸡，考验求生玩家本人的实力了。如果玩比较强的这个角色的话，杂技或者调香这种技能比较厉害的，他们就不会追你这种牵制位。屠夫也能说点，那红蝶一飞，飞过来也挺吓人的。,没玩过老版的，不知道,我觉得这个音乐是挺重要的，就他那个音效。比如说红夫人，抬镜子那个声音可能是比较重要的，但是我平时不开声音打，这是我自己问题，但是其实是应该听的。,对我来说没有什么，因为我不是奔着恐怖游戏去玩第五的，我主要是奔着不对称机制去的。我觉得恐怖感的话，他应该向黎明黎明杀机学，因为黎明杀机是真的很恐怖，只不过国内应该不过审他，一旦恐怖了，都会被家长什么举报。所以才现在变成一个这么温和的第五人格,加强小女孩。加强牧师
访谈27,其实从刚开服就开始玩了，但是出了调香师后我觉得太恐怖了，就退游了开始继续玩，到八九月份就又退了,好像是三阶，我比较菜,有的时候跟朋友打 ，但朋友忙的话就自己打,平均每周两三次然后一次玩儿一两个小时,他们也不打我 ，我也不打他们 ，然后大家就一起玩儿,最近退游了,我觉得之前能打六分左右吧，之后三分吧 ，因为他那个改版了之后其实能唯一能让比较吓人就是那个心跳那个声音 ，而且我没有没有多余的钱去兑换那个追击音乐的时候那个追击音乐一直都是最初始那个，那个心跳声真的很吓人。,之前有一个很恐怖的很恐怖的点 ，后来改了很恐怖的那个点就是玩儿他那个什么推理推演。不是推不能算推远吧 ，就是他觉过角色故事的时候那个地方真的很吓人 ，因为他音乐很很诡异，一个人在那个别墅里边探寻然后他有什么故事什么那种那个差不多 ，但是很早之前的现在已经改的全没有了 ，那个很吓人 ，但是故具体故事我倒没有觉得他们的故事很吓人。而且现在改的那些故事吧 ，越来越像人了 ，越来越不像伪人了。,我靠那当然是就是起心跳，不管那个心跳说你多大都会让人觉得有感觉，只要起心跳就害怕。,我觉得场景设计没有很恐怖 ，其实场景真的没有很场景其实挺友好的。就是他那个皮肤也还好吧 ，机主要就是他的一些就是就是心跳的那个音效以及他的那个就是他的那个颜色让人感觉到有点奇怪有人有点诡异那种感觉。,会，因为会紧张，一紧张主播就不知道怎么操作了,其实其实主播只有在打出很惊人的操作的时候才会觉得有意思，主播打出伪人操作只会秒退赛后。,不会,这个游戏我感觉很大的一个特点就是会让你很投入去往做这个玩儿这个游戏。,其实说实话就恐怖感只有在你起心跳没有见到监管者的时候会恐怖 ，刺激感其实主播可能一直有吧 ，但没有意识到这个事情。然后呢 ，紧张就是他在你在溜监管的时候你在牵制监管的时候 ，这个时候是最紧张的,恐怖不会成为吸引的理由，但是主播是一个追求平淡的人。就是很相躺平又想刺激又不想那么刺激 ，不想轻微刺激一下。,"骂人啊 ，我靠然后那坐动作嘲讽了 ，这这个真的真的很出声啊。然后队友做什么让我很紧张。打出逆天操作 ，比如说秒倒啊这种逆天操作不了 ，但是有的时候自己会打成逆天操作呀。",就是挺其实也还一般的 ，而且我更主要玩儿是监管者还是渔女的话说在我当时那个版本其实我那个段位还没有什么好怕的,"压迫感的营造道具就比如说与你的叉子算道具啊确实有一些压迫感 ，我突然想起来那个什么一些求生者的一些可以反制的道具非常有压迫感 ，比如球手。然后那个那个那个那个体。还有那个谁胖一场孔还有还有一些能攻击就是还有那个哦我还玩咒术咒术那个猴头。嗯捏一下 ，然后就会能眩晕其实其实体其实挺有压迫感的。就是你本来你要抬手要开始要开始弄什么突然给你垫一下 ，你真的有点感动动是有点压迫感的。然后你要玩健防者的话 ，你的一些叉子型的其实就是我我如我玩学生的时候其实剑塔的一些技能还挺过感。",哪里都变化了,"我没有想到什么就是比如说在你交互上面比较恐怖的地方只能说是在视觉或者是在听觉上面做一些恐怖的一些保佑 ，比如说你的之前的一些一些求生或者是健管者的一些建模。以及他之前的那个上处决的那个方式就上上瘾那个那个方式吧 ，虽然可能之前我玩儿那个版就是上瘾 ，但是我就但是他们有时候最开始的那个版本是这样绞刑架。我觉得其实如果要是这种恐怖的方方式其实是还是可以暴力的 ，毕竟是恐怖游戏以及我觉得如果恐怖的点。我最希望保留其实是它的故事。对它的它的每个人物角色后面的那些故事也更恐怖的 ，比如说嗯就现在感觉都走那种温情挂了。就比如说没有什么特别恐怖的那种东西。","我觉得黎明其他很恐怖的一点是在你心以及你就是受受伤的时候都很吓人只不过是这种感觉 ，因为你知道他他灵杀他处决的方式是把你挂在那个钩子上那个猴子直接穿穿透胸膛的 ，我觉得这个方式是很很吓人的。而且他是真的拿东西砍来 ，而且他有一些很类似恐怖恐怖电影的一些影响 ，比如说尖叫。比如说一些比较失真的那种那种叫声。他比如说会有一些鬼啊 ，鬼他们那个监管者的话 ，他会迅速穿梭那种有那种很吃真的那种那种低吼声真的很吓人。而且那个草地的话都是就是你走路的话 ，它是就是你它砍人的话像那个监控者是直接就是有有那种很特殊的那种影响 ，但是黎明啥其他是直接就是就是像东西被像砍肉一样那个音响 ，然后有血血浆血浆那个血那个音效。就是很什么事情都很逼真 ，我还看过一个一个一个类似这个的游戏是我忘了叫什么反好像是就是它破亿 ，它不是修米马机 ，它是通过焚香导告的方式那个也很吓人 ，但是我忘了那个游戏叫什里那个也很吓人 ，因为它那个鬼吧 ，就是神出鬼没的 ，而且你它它吓人的地方 ，其实我觉得主要是在整体氛围上 ，因为它有有一个是我就是我觉得它上香祷告这个方式就有点吓人他不是中式 ，但是有点他是好像有点泰国的那种那种那种神像那种感觉就是那种感觉让我很很觉得很恐怖。",没有什么建议我希望他们那个那个小学生不要再玩
访谈28,大概是初中的时候开始玩的。,最高打到过三阶，两三阶的样子，不是很高。,平时是和朋友一起打。,"一周大概三四次，频繁时每天玩两三个小时。
",最喜欢可以溜鬼、救人，有对抗性。,"退游是因为太久没玩了，机制更新太多、陌生，还有改版后低龄玩家涌入。
",打5分。风格变化大，主界面变亮，加入了友善元素，比如“狂欢之椅”不再像绞刑架，音乐也改了，不再吓人。,"代入感是有的。
",被鬼追的时候最紧张，有红光和巨大心跳音效。,"音乐、角色设计（厂长、蜘蛛）、场景变暗、特效都带来恐怖体验。
","有影响。有时压力太大表现变差，有时也会激发更好表现。
","一开始太恐怖，但后来适应了，现在体验挺好的。
",最初会主动去遛鬼、挑衅，但后来水平不够就不敢了。,"会沉浸其中。
",恐怖=不适画面和情绪紧张，游戏节奏快、音效强、环境变化等营造出紧张刺激。,整体恐怖感下降了，但可玩性上升。,队友做出危险行为（本可赢却去溜鬼）让我紧张。,"难度高时恐怖感增强，水平差不多就好。
",有效果，技能、背景暴力设定增强压迫感。,恐怖元素被和谐，游戏美术更加精致而不是原来的恐怖，乱改背景故事设定，游戏场景变的不恐怖，音效可供人选择的更多了，所以才会涌入低龄玩家,"角色设计、音效、特效最重要。
",背景故事能增强代入感，算是恐怖要素。,建议限制低龄用户、净化语言环境、杜绝无关内容，保持竞技公平。
访谈29,大一上学期。几乎没玩多长时间，现在已经不玩了。,没打过排位。,自己玩。,一周两到四次，每次三四十分钟。,作为监管者，挂人上狂欢之椅。,删了游戏。没有特别值得玩的内容，感觉没意思。可能是玩不太明白，有点无聊。,6到7分。音效和特效挺吓人。,有。,比如被监管者红光照到时会很紧张，还有心跳和脚步声,游戏音乐和场景，角色不太恐怖，主要是注意不到。,有。在玩求生者时会很紧张。,不愿意继续玩，太恐怖了。,不会。,还好，不是很有沉浸感，体验一般。,对我来说都来源于音效。特效方面除了红光，其他不太明显。,一般，没有什么吸引力。,会。比如他们来救我时，我怕自己操作失误被打到。,感觉是恐怖体验提高了游戏难度。,还可以。但玩的时候不太注意技能特效，因为技能太多。,没玩过改版前的。,音乐和场景。角色一般，因为玩的时候看不到自己。感觉角色设计不太恐怖，是诡异风格，不是真正的恐怖风格。,场景可以再恐怖一些，现在的场景有点粗糙。,可以增加帮助新玩家的机制。现在大多是老玩家，设计太复杂，求生者入手难度高，没有新手教程，界面也很复杂，很难玩。不好入手。
访谈30,初中的时候。玩了几个月。,下三段，没打过什么。,当时是看朋友玩，然后自己玩，不联机。,放假时天天玩，在学校不玩，大概一周两次。两个小时左右。,喜欢当监管者去抓人，不想当被抓的。,去玩《王者荣耀》了，而且《第五人格》让我感觉害怕，当被抓的时候特别紧张，接受不了那种恐怖感。,5分。确实恐怖，但让我不舒服。,可能代入感强一点，但我讨厌这种感觉。,破译密码时特别害怕，怕监管者突然出现抓我，而且监管者移速比我快，操作不好，溜不掉。,追逐感和破译时需要观察的紧张感吧，角色设计和界面没有特别恐怖。,有，起心跳的时候会很紧张。,更不愿意继续玩。我更喜欢竞技和追逐感，而不是恐怖感。,不会，会尽量远离监管者。,有一点沉浸感，但没有特别强，注意力在游戏上，但不是完全沉浸。,"恐怖感和紧张感比较强，刺激感没有太大感觉。
恐怖感来源于不知道监管者在哪的未知感，紧张感来源于监管者靠近时的压迫感。刺激感可能在被追时有一点，但比前两者弱。",挺恐怖的，但比真正的恐怖游戏还是差一点。这个恐怖感对我来说没有吸引力，反而让我不想玩。,当队友把监管者带到我这里来时。,场景设计会让人觉得更恐怖，游戏难度本身不一定。,有，比如心跳机制让我有压迫感。,没玩过改版后的。,环境设计。我记得当时地窖是个封闭空间，到地窖时如果监管者来了，就跑不掉，会很紧张。,不希望有恐怖感。,"如果要面向喜欢恐怖游戏的玩家，可以更恐怖；但如果想覆盖更广的受众，就要折中考虑。
现在改版后不太恐怖，反而失去了一部分喜欢恐怖感的玩家。建议设计可调节的双版本。"